{
  "info_uid": "56902678-14f7-4047-b7d4-da9efc3a5f7e",
  "info_hash": "FLec22jSykQCWWAMi2svwxdte5VqKHj87CPz1mRZr8uX",
  "data": [
    {
      "bread": 1.8275,
      "rice": 1.1725
    },
    {
      "minori": 1.9090909090909096,
      "ray": 1.4591836734693877,
      "yasushi": 1.6041666666666663
    }
  ]
}
